method,label,score,reasoning_paths,true_label,claim,correct
tree_of_thoughts,REFUTES,1.0,"['There is insufficient information provided to determine the origin or meaning of the term ""The Gifted"" as it relates to Sweden.', 'One possible next step is to investigate if ""The Gifted"" refers to a Swedish television series, such as the popular 2017 TV series ""The Gifted,"" which is an American series, but its origin is relevant.', 'Given that the 2017 American TV series ""The Gifted"" exists, it\'s possible that ""The Gifted"" being Swedish refers to this show, but this would contradict the claim since the series is American.']",REFUTES,The Gifted is Swedish.,True
tree_of_thoughts,SUPPORTS,0.9,"[""The claim is supported because Murda Beatz's real name is Derek Galloway, and public sources list his birthdate as February 21, 1994, which suggests a reliable birthdate."", 'Further verification can be done by cross-checking the birthdate against multiple credible sources, such as Biography.com, Wikipedia, or other reputable online encyclopedias, to confirm consistency in reported birthdates.', ""Another way to further verify Murda Beatz's birthdate is to check his official social media profiles, such as Instagram or Twitter, for any publicly available birthdate information or birthday messages, which could provide direct confirmation from the artist himself.""]",REFUTES,"Murda Beatz was born on February 21, 1994.",False
tree_of_thoughts,REFUTES,1.0,"['The claim is refuted because Star Trek: Discovery is a television series that premiered on September 24, 2017, and has since released multiple seasons, indicating its primary format is episodic television rather than a self-contained film.', ""Furthermore, if it were a movie, it would likely have received a more limited theatrical release, whereas Star Trek: Discovery was initially broadcast on the CBS All Access streaming platform and later on Paramount+, which is more characteristic of a television series' streaming release strategy."", ""Moreover, the show's narrative structure, with its multi-part episodes and serialized storytelling, further supports its classification as a television series, as this format is typical of long-form television programming rather than self-contained films.""]",REFUTES,Star Trek: Discovery is a movie.,True
tree_of_thoughts,SUPPORTS,0.9,"['L.A. Reid has been involved in various high-profile positions, such as serving as the co-founder of LaFace Records, which is likely to have given him a leadership role at Arista Records.', ""Given that L.A. Reid co-founded LaFace Records, which was a subsidiary of Arista Records, it's plausible that he would have held a leadership position at the parent company, Arista Records."", ""As L.A. Reid co-founded LaFace Records and served as its president, it's likely that he held a high-level role at Arista Records due to the close relationship between the two companies.""]",SUPPORTS,L.A. Reid has been the president of Arista Records.,True
tree_of_thoughts,SUPPORTS,0.95,"['The U.S. Geological Survey (USGS) and other reputable sources describe the Columbia River as a major river with a defined watercourse, further supporting the idea that it has channels, as rivers typically have well-defined channels to convey their water flow.', 'The fact that the Columbia River has channels is consistent with its classification as a meandering river, which is characterized by a serpentine course with multiple channels and bends, further supporting the idea that it has defined watercourse channels.', 'The presence of channels in the Columbia River is also supported by the fact that it has a well-defined mouth, which is a point where a river empties into another body of water, typically an ocean or sea, and is often the confluence of multiple channels.']",SUPPORTS,The Columbia River has channels.,True
tree_of_thoughts,NOT ENOUGH INFO,0.8,"[""Without more information about Shawn Carlson's specific areas of expertise or publications, it's difficult to determine whether social science is a primary focus, making this claim not enough information."", 'To further assess the claim, I would investigate if Shawn Carlson has any notable publications or books in the field of social science, such as peer-reviewed articles or books in social science journals or publishing houses.', 'I would search online academic databases such as Google Scholar or JSTOR to see if Shawn Carlson has published any articles or papers in reputable social science journals to verify their expertise in the field.']",REFUTES,Shawn Carlson is a social science writer.,False
tree_of_thoughts,SUPPORTS,1.0,"['The integration of speech recognition into the automotive industry, such as voice-controlled infotainment systems, supports the claim that speech recognition is being used in multiple fields.', 'The widespread adoption of voice-controlled interfaces in smart homes, such as Amazon Alexa and Google Home, further supports the claim that speech recognition is being integrated into various fields.', 'The application of speech recognition in the healthcare industry, such as virtual assistants for patients with disabilities and voice-controlled medical record systems, also supports the claim that speech recognition is being used in multiple fields.']",SUPPORTS,Speech recognition incorporates two things into multiple fields.,True
tree_of_thoughts,SUPPORTS,0.8,"[""Gal Gadot's success in the Wonder Woman franchise and other Hollywood films may have significantly increased her global recognition and earning potential, potentially placing her ahead of Bar Rafaeli in terms of earnings."", ""Gal Gadot's involvement in high-grossing films like the Wonder Woman franchise, which has generated billions of dollars in revenue worldwide, likely led to significant increases in her annual salary and endorsement deals."", 'This increased global recognition and earning potential from her Hollywood career could also translate to higher endorsement deals and commercials in Israel, further adding to her overall earnings.']",REFUTES,Gal Gadot was ranked ahead of Bar Rafaeli for highest earning actress/models in Israel.,False
tree_of_thoughts,SUPPORTS,1.0,"['Diana, Princess of Wales, tragically passed away in a car accident on August 31, 1997, which occurred in Paris, France. This occurred around 1 AM local time and she was pronounced dead at the Pitié-Salpêtrière Hospital at 4:00 a.m. local time shortly afterwards.', 'The funeral of Princess Diana took place on September 6th, 1997, which is 6 days after her death on August 31, 1997.', 'Based on the given information, the funeral of Princess Diana took place a week after her death, which implies that the funeral occurred during the week of September 1-7, 1997.']",SUPPORTS,"Diana, Princess of Wales's funeral took place on September 6th, 1997.",True
tree_of_thoughts,REFUTES,1.0,"['Inaccuracy - The claim states that Lizzy Caplan is incapable of starring in a television show like ""The Class,"" but she actually played the lead role of Heather Morris in the show from 2006 to 2008.', ""This inaccuracy undermines the credibility of the claim, suggesting that the person making the statement may not have thoroughly researched Lizzy Caplan's filmography."", ""This inaccuracy further highlights the potential lack of attention to detail in evaluating Lizzy Caplan's acting abilities, suggesting that the claim may be based on a superficial understanding of her career.""]",REFUTES,Lizzy Caplan is incapable of starring in television show like The Class.,True
tree_of_thoughts,SUPPORTS,1.0,"['The claim is supported because it is indeed a film titled ""Swordfish"" released in 2001, starring John Travolta as Gabriel Shear, an ex-convict.', 'The film ""Swordfish"" (2001) is an action thriller directed by Dominic Sena, also starring Hugh Jackman as Stanley Jobson, a technician who works with Gabriel Shear.', 'The film ""Swordfish"" (2001) features a plot that revolves around Gabriel Shear\'s (John Travolta) plan to steal $9.5 billion from a corrupt U.S. government agency.']",SUPPORTS,There is a film that is about an ex-convict titled Swordfish (film).,True
tree_of_thoughts,SUPPORTS,0.9,"[""Stephen Hillenburg's early life and education, which included studying marine biology at Humboldt State University and later earning a master's degree in experimental animation from the California Institute of the Arts, indicate a strong foundation in the field that aligns with his fascination with the ocean."", ""His background in marine biology and animation suggests that Hillenburg's experience with the natural world and his creative skills in animation likely influenced the design and character development of the inhabitants of Bikini Bottom, the underwater city in SpongeBob SquarePants."", ""Hillenburg's use of marine life as inspiration for the characters in SpongeBob SquarePants is further supported by the fact that many of the show's main characters, such as Mr. Krabs, a crab, Squidward, an octopus, and Sandy, a squirrel living in a treedome in Bikini Bottom, are all based on real-life ocean creatures.""]",SUPPORTS,"Stephen Hillenburg was fascinated with the ocean as a child, leading him to create Spongebob Squarepants.",True
tree_of_thoughts,REFUTES,1.0,"['The claim may be SUPPORTED if Anne Rice was indeed born in New Orleans, Louisiana, but she spent most of her early life in Brooklyn, New York, before moving to California for college and later settling in California.', 'However, if Anne Rice was indeed born in New Orleans, Louisiana, and spent most of her early life in Brooklyn, New York, this does not necessarily mean she spent her entire life in Brooklyn, as she also spent significant time in California for her education.', 'This claim can be further evaluated if Anne Rice spent her entire life in Brooklyn by considering whether she ever lived in Brooklyn after her college years in California, as there is no information indicating she returned to Brooklyn after her education.']",REFUTES,Anne Rice spent her entire life in Brooklyn.,True
tree_of_thoughts,REFUTES,1.0,"['The claim is SUPPORTED because Yale University has a reputation for attracting students with strong intellectual abilities and a global perspective, which may lead to successful careers in various fields, including politics, potentially resulting in some alumni becoming heads of state.', ""However, this does not necessarily mean that Yale University's alumni will not become heads of state, as there could be various other factors, such as networking opportunities, mentorship, and personal drive, that contribute to a Yale alumnus's success in politics."", ""However, a thorough examination of Yale's history and notable alumni reveals that several heads of state, such as George H.W. Bush, George W. Bush, and Woodrow Wilson, have attended the university, which suggests that Yale's reputation and resources can indeed contribute to an alumnus's success in politics.""]",REFUTES,Yale University's alumni doesn't include heads of state.,True
tree_of_thoughts,REFUTES,1.0,"['SUPPORTED: The movie ""Reign Over Me"" is a 2007 American drama film starring Adam Sandler, and while I couldn\'t find any explicit connection to pretzels, it\'s possible that the film features pretzels as a prop or a symbol in a scene.', 'The movie ""Reign Over Me"" is known for its dramatic and emotional portrayal of a character\'s struggles with grief, and pretzels may be used as a nostalgic or symbolic element in the film to represent comfort or a sense of normalcy.', ""However, if no such evidence is found, it is also possible that the claim is a misunderstanding or misinformation, and a thorough investigation of the film's plot, cast, and reception may reveal no credible connection to pretzels.""]",REFUTES,Reign Over Me stars pretzels.,True
tree_of_thoughts,SUPPORTS,1.0,"['The film ""Reign Over Me"" is an American drama film, and its release year can be easily verified through reliable sources such as IMDB, which lists the release year as 2007.', 'Furthermore, IMDB is a comprehensive online database that aggregates information about movies, including their release dates, which are often verified through official sources, such as film studios and distribution companies.', 'Additionally, other reliable sources such as Wikipedia and Rotten Tomatoes also list the release year of ""Reign Over Me"" as 2007, further corroborating IMDB\'s information.']",SUPPORTS,Reign Over Me was released in 2007.,True
tree_of_thoughts,SUPPORTS,0.95,"[""There is no publicly available information that contradicts David Packouz's claim of being an American citizen, and his involvement in various projects and businesses in the United States implies a strong connection to the country."", 'The lack of any public records or news articles indicating that David Packouz has ever renounced his American citizenship also suggests that he has maintained his citizenship throughout his career and business dealings.', ""Additionally, online profiles and public directories, including LinkedIn and other business networking sites, consistently list David Packouz's country of origin as the United States, further supporting his claim of being an American citizen.""]",SUPPORTS,David Packouz is an American citizen.,True
tree_of_thoughts,SUPPORTS,1.0,"['The claim is supported because Gary Oldman played the role of George Smiley in the 2011 film adaptation of Tinker Tailor Soldier Spy, which is a film based on the novel by John le Carré.', 'The film adaptation of Tinker Tailor Soldier Spy, in which Gary Oldman played the role of George Smiley, was directed by Tomas Alfredson and released in 2011 by StudioCanal and Working Title Films.', 'The 2011 film adaptation of Tinker Tailor Soldier Spy, directed by Tomas Alfredson, is based on the 1974 novel of the same name by John le Carré, which is part of the Karla Trilogy, a series of espionage thrillers by the same author.']",SUPPORTS,Tinker Tailor Soldier Spy stars Gary Oldman.,True
tree_of_thoughts,SUPPORTS,1.0,"[""The game's official website and multiple reliable sources confirm Shinji Mikami as the director of the original Resident Evil game, released in 1996, which is the first game in the series."", ""As the director of the original Resident Evil, Shinji Mikami's innovative gameplay mechanics and survival horror elements set the tone for the entire series, which has since become a pioneering force in the survival horror genre."", ""As the creator of the survival horror genre-defining Resident Evil series, Shinji Mikami's influence can be seen in numerous other games that have attempted to emulate its blend of exploration, puzzle-solving, and intense action elements.""]",SUPPORTS,Shinji Mikami was the director of Resident Evil.,True
tree_of_thoughts,REFUTES,1.0,"['The claim may be REFUTED if a search of reputable sources, such as the person\'s official website, interviews, or published works, reveals no mention of a working title like ""My Life in Art, Faith, and Idiocy"" in relation to the ""Bassoon King.""', 'If the Bassoon King\'s biography or autobiography does not mention a working title like ""My Life in Art, Faith, and Idiocy,"" then the claim may be considered STRONGER if primary sources such as manuscripts, drafts, or notes from the Bassoon King\'s archives are available for public examination.', 'If no evidence of the working title ""My Life in Art, Faith, and Idiocy"" is found in reputable sources after a thorough search, then the claim may be deemed HIGHLY LIKELY FALSE if it cannot be verified through further investigation or clarification from the Bassoon King or their representatives.']",REFUTES,"The Bassoon King's working title was My Life in Art, Faith, and Idiocy.",True
tree_of_thoughts,SUPPORTS,0.9,"['The claim is supported because advertising is a type of communication, and communication typically involves conveying a message to the intended audience, which aligns with the definition of a message.', 'Since advertisements are designed to convey information about a product, service, or idea to potential customers, they also meet the characteristic of a message as it is intended to convey a specific piece of information.', 'Furthermore, advertising shares another characteristic with messages, as it often involves the use of symbolic language, such as text, images, or sounds, to convey meaning and convey the intended message to the audience.']",SUPPORTS,Advertising is a type of message.,True
tree_of_thoughts,REFUTES,1.0,"['The claim may be REFUTED if Britt Robertson has publicly spoken or been credited for playing the role of Sophia Amoruso in a specific production, and this information is readily available on reliable sources such as IMDb, Wikipedia, or news articles.', 'To further investigate the claim, check if Britt Robertson has any notable filmography or biography that would suggest involvement in a production featuring the character Sophia Amoruso, such as a bio on IMDb or a Wikipedia page.', ""Check Britt Robertson's profile on IMDb to see if she has been listed as an actress in a production featuring the character Sophia Amoruso, specifically a TV series titled 'Girlboss', which is based on the life of Sophia Amoruso.""]",REFUTES,Britt Robertson never portrayed the role of Sophia Amoruso.,True
tree_of_thoughts,SUPPORTS,0.9,"[""The claim could be supported because in 1941, the French colonial administration in Indochina did rename the colony from French Indochina to the Indochinese Union, reflecting a shift in the colony's administrative structure."", 'However, in 1947, the Indochinese Union was reorganized and renamed the Indochinese Federation, further indicating a shift in the French colonial strategy towards a more federalized administrative structure in the region.', ""The French colonial administration's decision to rename the colony from French Indochina to the Indochinese Union and later to the Indochinese Federation suggests a significant shift in their administrative approach towards the region, potentially indicating a desire to more closely align the governance structure with the local populations.""]",SUPPORTS,French Indochina was officially known as the Indochinese Union then the Indochinese Federation.,True
tree_of_thoughts,REFUTES,1.0,"[""The show's premise revolves around a former angel, played by Michael Landon, who is sent to Earth to help people in need, which doesn't imply affiliation with a mob."", 'The term ""Highway to Heaven"" is often associated with the title of the 1980-1988 television series, which does not have any direct connection to organized crime or the mob.', 'The show\'s title ""Highway to Heaven"" is inspired by a 1966 song by Neil Sedaka, which suggests a more spiritual and uplifting theme rather than a connection to organized crime.']",REFUTES,Highway to Heaven is an American mob.,True
tree_of_thoughts,REFUTES,1.0,"['The film Natural Born Killers (1994) was written and directed by Oliver Stone, who is known for drawing inspiration from real-life events and figures, such as JFK and Nixon, which supports the idea that the film might have been based on a true crime novel by Truman Capote, like In Cold Blood, another film adaptation involving a true crime novel by Capote.', 'However, this claim is contradicted by the fact that Natural Born Killers was actually written by Quentin Tarantino and David Veloz, with a story by Richard Rutowski, and Charles Roven, none of whom were associated with Truman Capote.', ""Oliver Stone's filmaking style, which often blurs the lines between fiction and reality, could have led to the misconception that Natural Born Killers was based on a true crime novel by Truman Capote, despite the actual credits listing Tarantino, Veloz, and the others as the creators.""]",REFUTES,Natural Born Killers was based upon a true crime novel by Truman Capote.,True
tree_of_thoughts,SUPPORTS,0.9,"['The movie Bongwater, a 1997 dark comedy film, is based on a novel or book with the same name, which could imply the claim is supported.', 'The novel ""Bongwater"" is a 1996 novel by Eric Bogosian, an American actor, writer, and director, which was published before the release of the film.', 'Eric Bogosian\'s novel ""Bongwater"" is a semi-autobiographical work, suggesting that the movie adaptation may have been inspired by real-life events or experiences from the author\'s life.']",SUPPORTS,Bongwater was based on a book.,True
tree_of_thoughts,SUPPORTS,1.0,"['The shield is made of a unique alloy called vibranium, which provides it with enhanced strength and durability, making it an essential piece of equipment for Captain America in combat situations.', ""The unique properties of vibranium in Captain America's shield allow it to absorb and distribute impact forces, making it nearly indestructible and a crucial asset in absorbing and deflecting attacks."", ""This unique ability of Captain America's shield to absorb and distribute impact forces also makes it an effective tool for absorbing and redirecting explosive and kinetic energy, protecting Captain America from harm in high-intensity combat situations.""]",SUPPORTS,Captain America's shield is used as a type of equipment.,True
tree_of_thoughts,SUPPORTS,0.8,"['Penguin Books was founded in 1935 by Allen Lane, and initially, they focused on making books more affordable and accessible to the general public, which aligns with their strategy of selling paperbacks through high street stores.', ""Given that Penguin Books was founded in 1935 and focused on making books more affordable and accessible, it is likely that they would have sought out popular and accessible retail channels to sell their paperbacks in the 1930s, such as Woolworth's high street stores."", ""Woolworth's was a prominent high street retailer in the UK during the 1930s, with a wide reach and a reputation for offering affordable products, making it an attractive partner for Penguin Books to sell their paperbacks.""]",SUPPORTS,Penguin Books sold paperbacks through Woolworths and other high street stores in the 1930s.,True
tree_of_thoughts,REFUTES,0.8,"['The TV Choice service, formerly known as TVPlayer, has been known to offer a wide range of TV channels, which could imply that it operates 6 days a week, from Saturday to Friday, to cater to a diverse audience.', 'This assumption is based on the common convention of television broadcasting in the UK, where most TV channels and services operate from Monday to Friday, and it is likely that TV Choice has adopted a similar scheduling pattern to maximize its reach.', 'This assumption is further supported by the fact that TV Choice\'s website and marketing materials often list a ""7-day pass"" option, suggesting that the service offers continuous access to its content across all seven days of the week.']",SUPPORTS,TV Choice runs from Saturday to Friday.,False
tree_of_thoughts,SUPPORTS,0.9,"[""Without verifying the claim against reliable historical sources, such as Neefe's biography or obituaries, it is difficult to confirm the accuracy of the claim and confirm if 1750 is indeed the year of his death."", ""A comprehensive online database or archive, such as the International Music Score Library Project (IMSLP) or the Bach Digital project, could be checked for any mentions or references to Neefe's death, which may help verify the claim."", ""Check the New Grove Dictionary of Music and Musicians, a reliable source of biographical information on musicians, to see if it provides information on Christian Gottlob Neefe's death date.""]",REFUTES,Christian Gottlob Neefe died in 1750.,False
tree_of_thoughts,REFUTES,1.0,"['The claim may be SUPPORTED if In the End is a film released by a well-known director, such as Jane Campion or Mira Nair, who is known for her work in the early 2000s.', 'Since Jane Campion is a well-known director and a female director associated with the Sundance Film Festival, checking if her filmography includes a film released around 2000 would strengthen the claim.', 'Jane Campion is a well-known director, so checking her filmography for a film released in 2000 is a plausible next step in verifying the claim.']",SUPPORTS,In the End was released in 2000.,False
tree_of_thoughts,REFUTES,1.0,"['DJ Quik is often classified as a rapper, hip-hop artist, and producer, suggesting that the claim is not entirely accurate since he is associated with rap and hip-hop, not just jazz.', 'Given that DJ Quik has released multiple albums that are classified as hip-hop and rap, such as ""Quik is the Name"" and ""Rhythm-alism"", it further contradicts the claim that he is only a jazz musician.', ""Furthermore, DJ Quik's genre classification on music platforms such as AllMusic, Discogs, and MusicBrainz primarily list him as a hip-hop and rap artist, which reinforces the notion that he is not solely a jazz musician.""]",REFUTES,DJ Quik is only a Jazz musician.,True
tree_of_thoughts,SUPPORTS,1.0,"['Peking University is a well-known university in China, which is a unitary sovereign state in East Asia, making it likely that the claim is supported.', ""China is a country that is recognized by the United Nations as a unitary sovereign state, which is a fundamental fact that supports the claim about Peking University's location."", 'Furthermore, the name of the university, Peking University, is derived from the city in which it is located, Beijing, which is the capital of China, a geographical fact that reinforces the claim that the university is located in a unitary sovereign state in East Asia.']",REFUTES,Peking University is in a unitary sovereign state in East Asia.,False
tree_of_thoughts,REFUTES,1.0,"[""The claim could be supported if it is based on a map or cartographic source that specifically defines West Virginia's border with Ohio as being located in the southeast direction."", 'To verify the claim, we need to consult a reliable source such as a map or an official government website that accurately displays the state borders of West Virginia and Ohio.', 'To verify the claim, we can consult the official website of the U.S. Geological Survey (USGS), which provides accurate and detailed information on state borders and geography.']",REFUTES,West Virginia only borders Ohio to the southeast.,True
tree_of_thoughts,SUPPORTS,0.8,"['The film ""Australia"" (2008) is indeed related to the country of Australia, which might suggest that its production occurred there, supporting the claim.', 'However, the film ""Australia"" (2008) was directed by Baz Luhrmann, who is known for often filming on location in Australia and other countries, which does not necessarily confirm the location of this film\'s production.', ""Considering the film's storyline, which revolves around an epic romance set in the Australian Outback during World War II, it is plausible that the production did occur in Australia, especially given the need for a vast and authentic desert landscape.""]",SUPPORTS,Australia (2008 film) production took place in Bowen.,True
tree_of_thoughts,SUPPORTS,1.0,"[""However, the year 1979 may not be accurate as Asylum Records was actually founded in 1971 by David Geffen and Elliot Roberts, as part of David Geffen's company Asylum Records Inc."", 'Asylum Records Inc. was founded in 1971, making it one of the earliest independent record labels in the United States to achieve significant commercial success.', 'Asylum Records Inc. was an independent record label for its early years, but it was later acquired by Warner Communications in 1972, marking the beginning of its partnership with Warner Bros. Records.']",SUPPORTS,Asylum Records is an American record label founded in 1979 by David Geffen and partner Elliot Roberts.,True
tree_of_thoughts,SUPPORTS,0.9,"[""The claim could be supported if it is based on a reputable source, such as Forbes or CelebrityNetWorth, which typically release annual lists ranking the world's highest-earning celebrities."", 'To verify the claim, we would need to review the Forbes Celebrity 100 list for the year 2015 to see if Gordan Ramsay indeed appeared in the 22nd position.', ""If Gordan Ramsay was indeed ranked 22nd on the Forbes Celebrity 100 list for 2015, it would be consistent with the publication's annual trend of ranking celebrities based on their earnings from June 1 to June 1 of the previous year, which means the rankings would reflect 2014 earnings.""]",REFUTES,Gordan Ramsay was ranked the 22nd highest earning celebrity in the world in 2015.,False
tree_of_thoughts,SUPPORTS,1.0,"['The city of Beaverton has its own municipal government, including a mayor, city council, and departments for public services such as police, fire, and parks, which is consistent with the typical organizational structure of a city.', 'The city of Beaverton is recognized as a separate entity by the state of Oregon, as evident from its presence in the Oregon Revised Statutes and its incorporation documents, which confirms its autonomy and distinctiveness from the surrounding areas.', 'Furthermore, according to the United States Census Bureau, Beaverton is classified as an incorporated city, which is defined as a type of municipal corporation with a municipal government and the power to make its own laws and regulations.']",SUPPORTS,"Beaverton, Oregon is a city.",True
tree_of_thoughts,SUPPORTS,0.95,"['Chris Kyle was a well-documented and widely reported figure, with multiple sources confirming his military service and sniper expertise, including his book ""American Sniper"" which details his experiences.', 'Chris Kyle\'s book ""American Sniper"" received positive reviews from multiple sources, including the New York Times and Publishers Weekly, further validating his claims of military service and sniper expertise.', 'Chris Kyle\'s book ""American Sniper"" was a bestseller, with over 15 million copies sold worldwide, indicating a high level of public interest and validation in his claims, which further supports the credibility of his military service and sniper expertise.']",SUPPORTS,Chris Kyle was a sniper and a veteran.,True
tree_of_thoughts,SUPPORTS,0.9,"['Kim Jong-il was indeed the Chairman of the National Defence Commission of North Korea, serving from 1993 until his death in 2011, which makes it plausible that he could have been proclaimed Eternal Chairman of the National Defence Commission.', 'The concept of an ""Eternal Chairman"" is similar to other titles given to North Korean leaders by their regime, such as ""Eternal President"" for Kim Il-sung, suggesting that the title is likely a ceremonial or symbolic appointment.', 'If the title of ""Eternal Chairman"" was indeed given to Kim Jong-il, it would likely have been done by the Workers\' Party of Korea, the ruling party of North Korea, following the typical protocol for conferring such honors.']",SUPPORTS,Kim Jong-il was proclaimed Eternal Chairman of the National Defence Commission.,True
tree_of_thoughts,REFUTES,1.0,"['Scotty Moore was a renowned guitarist and musician, closely associated with Elvis Presley, who might have designed or conceptualized innovative musical compositions and arrangements, but this does not necessarily translate to expertise in engineering a sandwich.', 'There is no credible evidence to suggest that Scotty Moore was involved in the preparation or creation of sandwiches in any capacity, let alone in a professional or expert role.', 'The term ""sandwich engineer"" is not a recognized or established profession, and it is unclear what specific skills or expertise would be required for such a role, making it unlikely that Scotty Moore would have been referred to by this title.']",REFUTES,Scotty Moore was a sandwich engineer.,True
tree_of_thoughts,REFUTES,1.0,"['Jason Katims is known for creating the TV series ""Friday Night Lights,"" but I couldn\'t find any information that connects him to a work called ""Roswell.""', 'Jason Katims is a renowned television writer, producer, and director, primarily known for his work on shows like ""Friday Night Lights"" and ""Parenthood,"" so it\'s possible that ""Roswell"" could be a lesser-known or older work in his portfolio.', 'Further investigation into Jason Katims\' filmography may be necessary to determine if he has any involvement with the 1994 film ""Roswell,"" an American science fiction film directed by Kevin S. Tenney.']",SUPPORTS,Roswell was by Jason Katims.,False
tree_of_thoughts,SUPPORTS,0.95,"['Valencia is a coastal city in the eastern part of Spain, and its geographical location on the Mediterranean coast would support the claim, as it is a natural location for a seaport.', ""Valencia's economic history has been heavily influenced by its coastal location, with the city serving as a major trading hub in the past, which further supports the likelihood of it being a seaport hub."", ""Valencia's current economy is also significantly driven by maritime trade, with the Port of Valencia being one of the busiest ports in the Mediterranean, handling a vast array of cargo and containers, further solidifying its position as a seaport hub.""]",SUPPORTS,Valencia is the seaport hub of Valencia.,True
tree_of_thoughts,REFUTES,1.0,"['West Ham United F.C. was founded in 1895 by a group of workers from the Thames Ironworks and Shipbuilding Company, and its original name was indeed Thames Ironworks FC, which may support the claim being REFUTED.', 'The name ""Thames Ironworks FC"" directly supports the original claim that West Ham United F.C. was indeed called Thames Ironworks, contradicting the initial statement.', 'The name change from Thames Ironworks FC to West Ham United FC occurred in 1900, which implies that the team was indeed originally known as Thames Ironworks, contradicting the initial claim.']",REFUTES,West Ham United F.C. was not originally called Thames Ironworks.,True
tree_of_thoughts,REFUTES,1.0,"['The name ""Papua"" is derived from the Malay word ""papuwah,"" which means ""frizzy-haired"" and was initially used to describe the indigenous people of the region, rather than any connection to Iran.', 'The term ""Papuwah"" itself is derived from the Malay word ""papu,"" which is a colloquial term for the island of New Guinea, indicating that the name ""Papua"" may be a regional or geographical classification rather than a direct reference to a specific ethnic or national group.', 'The geographical classification of the term ""Papua"" as referring to the island of New Guinea suggests that the name ""Papua"" is not a reference to the modern-day country of Papua New Guinea, which is a separate and distinct entity located on the island.']",SUPPORTS,Papua was formerly called West Iran.,False
tree_of_thoughts,SUPPORTS,0.9,"['As a general entertainment channel, AMGTV covers a wide range of genres, including drama, comedy, and reality TV, which further supports the claim that they do have drama television programming.', ""Given that drama television programming is a significant component of AMGTV's content, it is likely that they offer a variety of sub-genres, including soap operas, crime dramas, and family dramas."", 'Given the presence of soap operas, crime dramas, and family dramas on AMGTV, it is probable that their programming schedule includes a mix of short-term and long-term story arcs, typical of the drama genre, such as cliffhangers and serial storytelling.']",SUPPORTS,AMGTV has drama television programming.,True
tree_of_thoughts,REFUTES,0.8,"['The concept of ""Kleshas"" originates from Buddhist teachings, specifically from the Yogacara school, which describes Kleshas as the root causes of suffering, and certain wholesome actions are mentioned as a means to alleviate or overcome them, suggesting that wholesome actions are connected to Kleshas.', 'Given that Kleshas are described as the root causes of suffering in the Yogacara school, it can be inferred that wholesome actions are likely to be a counterbalance to these negative influences.', 'Since wholesome actions are connected to alleviating or overcoming Kleshas, it follows that these actions must be directed towards countering the negative effects associated with the Kleshas.']",REFUTES,Kleshas manifest in exclusively wholesome actions.,True
tree_of_thoughts,REFUTES,1.0,"[""The claim can be cross-checked with Harold Macmillan's biography, which often lists his date of death as December 29, 1986, not December 19, 1986, suggesting the claim is REFUTED."", ""A reevaluation of the claim's source is necessary to identify the origin of the incorrect date, which may be due to a typographical error, incorrect transcription, or miscommunication."", ""The first step is to verify the claim's origin by tracing it back to its original source, such as a news article, book, or website, to understand how the incorrect date was disseminated.""]",REFUTES,"Harold Macmillan died on December 19, 1986.",True
tree_of_thoughts,SUPPORTS,0.9,"['The claim can be supported if the film ""Veeram"" was indeed released in 2017 as stated, as per the available information and records.', 'To verify the claim that Veeram is a 2017 film, I would first check the release dates of the film on reliable sources such as IMDb, Wikipedia, or the Internet Movie Database.', 'If the release date for Veeram on IMDb and Wikipedia matches, it would support the claim that Veeram is a 2017 film, but discrepancies between these sources might indicate an error or inaccuracy in the claim.']",REFUTES,Veeram is a 2017 film.,False
tree_of_thoughts,REFUTES,1.0,"['REFUTED: If Wildfang is a fashion brand, its name is actually inspired by the term ""wild fang,"" suggesting a connection to wolves and not the color orange.', 'The name ""Wildfang"" is likely derived from the term ""wild fang,"" which is a metaphorical reference to the sharp, biting style often associated with wolves, suggesting that the brand\'s aesthetic is bold and edgy.', ""This etymological connection to wolves implies that the brand's identity is closely tied to the animal's fearless and untamed nature, which is often associated with themes of empowerment and independence.""]",REFUTES,Wildfang was founded in orange.,True
tree_of_thoughts,SUPPORTS,0.9,"['The State of Palestine was declared in 1988, and since then, its government, the Palestine Liberation Organization (PLO), has consistently claimed the West Bank as part of its territory.', ""The West Bank has been under occupation by Israel since the 1967 Six-Day War, with Israel's government also claiming sovereignty over the territory."", ""The dispute over the West Bank is a longstanding one, with the International Court of Justice issuing an advisory opinion in 2004 that Israel's separation barrier, which runs through the West Bank, is illegal under international law.""]",SUPPORTS,The State of Palestine claims the West Bank.,True
tree_of_thoughts,REFUTES,1.0,"['Martin Van Buren did hold a cabinet position during the administration of President Andrew Jackson, which was the Secretary of State, not Defense, from 1829 to 1831, indicating a plausible connection to a high-ranking government role.', ""Martin Van Buren's role as Secretary of State under President Andrew Jackson may imply that he was involved in national security or military affairs, which could be related to the creation or management of a department overseeing these areas."", ""The creation of the modern Secretary of Defense position was established by the National Security Act of 1947, long after Martin Van Buren's time in office; however, the need for a unified department overseeing military and national security affairs has existed since the early days of the United States, which might suggest that the role Martin Van Buren held was a precursor or precursor to the modern Secretary of Defense position.""]",REFUTES,Martin Van Buren was Secretary of Defense.,True
tree_of_thoughts,SUPPORTS,0.9,"['AMGTV is listed on various online directories and databases, such as the Wikipedia and the Internet Archive, which describe it as an American television network.', 'Furthermore, a search of the Federal Communications Commission (FCC) database reveals that AMGTV has been assigned a call sign by the FCC, which is a requirement for all licensed television stations in the United States.', ""AMGTV's listed schedule and programming on its website further supports its classification as a television network, as it features a range of programming, including news, sports, and entertainment shows, indicating a level of organizational structure and content curation typical of a broadcast network.""]",SUPPORTS,AMGTV is an American television network.,True
tree_of_thoughts,SUPPORTS,0.9,"['José Ferrer won the Tony Award for Best Director for the play ""The Fourposter"" in 1952, indicating that he did have experience in directing.', 'Given that José Ferrer won the Tony Award for Best Director for the play ""The Fourposter"" in 1952, it is logical to infer that he likely directed other plays in addition to ""The Fourposter"", as winning a Tony Award for direction typically requires a body of work.', 'Given that José Ferrer was a successful director, it is likely that his directing career spanned multiple decades, as many successful directors have long and lasting careers in theater.']",SUPPORTS,José Ferrer was a director of plays.,True
tree_of_thoughts,SUPPORTS,1.0,"['The claim is supported because Chris Froome is a well-known professional road racing cyclist and multiple-time Tour de France winner, making it likely that he won the 2016 edition of the Tour de France.', 'The official website of the Tour de France and other reputable sports sources have reported Chris Froome as the winner of the 2016 Tour de France, which lends credibility to the claim.', ""Chris Froome's victory in the 2016 Tour de France was confirmed by the official results page on the Tour de France's website, which lists him as the winner of the general classification of that year's competition.""]",SUPPORTS,2016 Tour de France was won by Chris Froome.,True
tree_of_thoughts,REFUTES,1.0,"['SUPPORTED: Brian Michael Bendis is a well-known comic book writer and has been involved in various educational endeavors, suggesting he may have taught at a university, including the University of Oregon.', ""To verify the claim, I will search for publicly available information on Brian Michael Bendis's professional activities in 2013, specifically his involvement with the University of Oregon."", ""I will search for reputable sources, such as news articles or university publications, that may have reported on Brian Michael Bendis's teaching appointment at the University of Oregon in 2013.""]",SUPPORTS,In fall of 2013 Brian Michael Bendis began teaching at the University of Oregon.,False
tree_of_thoughts,SUPPORTS,0.9,"['Jeong Hyeong-don is a well-known South Korean television personality and comedian, often associated with various entertainment programs, which suggests he may be involved in hosting episodes of Weekly Idol.', 'Jeong Hyeong-don has been involved in various music-related programs, including music game shows and variety shows, which aligns with the theme of Weekly Idol, a music variety show.', ""Jeong Hyeong-don has hosted other music variety shows in the past, such as 'Inkigayo' and 'Music Bank', which are similar in format to Weekly Idol, suggesting he may have a background in hosting music-focused programming.""]",SUPPORTS,Weekly Idol is hosted by Jeong Hyeong-don.,True
tree_of_thoughts,SUPPORTS,1.0,"['The IUCN Red List is a comprehensive catalog of threatened species, and since Homo sapiens (humans) are a well-established and widespread species, they would not be classified as ""extinct.""', 'The IUCN Red List categorizes species based on their conservation status, with ""extinct"" being one of the most severe designations, typically reserved for species that have completely died out without any surviving individuals.', 'The IUCN Red List evaluates species based on the current data and observed trends, and since humans are a highly adaptable species with a global population of over 7.9 billion, it is unlikely that they would be considered extinct.']",REFUTES,Homo sapiens are considered extinct on the IUCN Red List.,False
tree_of_thoughts,SUPPORTS,0.9,"['The claim could be SUPPORTED if Jack Falahee has publicly stated his birth month as February in an interview or social media post, or if it is mentioned on a reliable source such as a verified Wikipedia page or official biography.', 'The claim could be DEBUNKED if Jack Falahee has publicly stated his birth month as different from February in an interview or social media post, or if it is mentioned as incorrect on a reliable source such as a verified Wikipedia page or official biography.', ""The claim could also be SUPPORTED if there are credible online sources such as IMDb or other entertainment databases that list Jack Falahee's birth month as February, as these sources are often well-researched and verified.""]",SUPPORTS,Jack Falahee's birth month is February.,True
tree_of_thoughts,REFUTES,1.0,"['This claim may be REFUTED if there is evidence of a real person named Stan Beeman who has achieved significant recognition or made notable contributions in a particular field, such as science, politics, or entertainment.', 'To verify the reality of Stan Beeman, I will search for information in reputable online databases and encyclopedias like Wikipedia, Encyclopedia Britannica, and Bio.org to see if they have an entry about him.', 'If Stan Beeman is not mentioned on social media platforms, I will attempt to find any news articles or press releases from reputable news sources, like The New York Times, CNN, or BBC, that mention him in the context of notable events or achievements.']",REFUTES,Stan Beeman is a fictional setting.,True
tree_of_thoughts,REFUTES,1.0,"['The claim is refuted because Make It or Break It is actually a well-known TV series that aired on ABC Family (now known as Freeform) from 2009 to 2012, which has a distinct format different from a typical movie.', 'Since Make It or Break It is a television series, it is categorized under the genres of drama and sports, which is consistent with its portrayal of elite gymnasts training for the Olympics.', 'Given that Make It or Break It is a television series, it features a mix of character development, relationship drama, and sports competition, which is typical of many television dramas that blend multiple genres.']",REFUTES,Make It or Break It is a movie.,True
tree_of_thoughts,REFUTES,1.0,"['David Spade is known for his comedic roles in various films, and his involvement in the film ""Joe Dirt"" (2001) suggests he could have a possible sequel appearance, thus supporting the claim.', 'David Spade has a history of reprising roles in films, such as in the ""Grown Ups"" franchise, suggesting that he might be willing to participate in a sequel of a film he was previously involved in.', 'Given that the original ""Joe Dirt"" film received mixed reviews but maintained a nostalgic cult following, it is plausible that a sequel, ""Joe Dirt 2: Beautiful Loser,"" was made to capitalize on this audience\'s interest and David Spade might have been involved in the production.']",SUPPORTS,David Spade starred in Joe Dirt 2: Beautiful Loser.,False
tree_of_thoughts,SUPPORTS,1.0,"['The claim is supported because the movie ""No Country for Old Men"" (2007) indeed had a cast that included notable actors such as Josh Brolin, Javier Bardem, and Tommy Lee Jones.', 'The film ""No Country for Old Men"" received widespread critical acclaim, including four Academy Awards, including Best Picture, Best Director, Best Supporting Actor for Javier Bardem, and Best Adapted Screenplay.', 'The film\'s critical acclaim and awards were not limited to the Academy Awards, as ""No Country for Old Men"" also received the BAFTA Award for Best Film and the Golden Globe Award for Best Motion Picture – Drama.']",SUPPORTS,No Country for Old Men starred actors.,True
tree_of_thoughts,SUPPORTS,1.0,"['The official language of the Republic of North Macedonia is Macedonian, which is a South Slavic language closely related to other Slavic languages spoken in European countries, indicating cultural and linguistic ties to the European region.', 'The Republic of North Macedonia has been a member of the Council of Europe since 1993, which is an international organization that promotes democracy and human rights in Europe, further solidifying its geographical association with the region.', 'The Republic of North Macedonia shares a common border with several European countries, including Greece, Bulgaria, Serbia, Kosovo, and Albania, which further supports its geographical location within the European continent.']",SUPPORTS,The Republic of Macedonia is located within Europe.,True
tree_of_thoughts,SUPPORTS,0.9,"[""Tatum O'Neal is a public figure, and her personal life is often reported in the media, which might indicate that she has been married."", ""Tatum O'Neal has been the subject of numerous tabloid articles and celebrity news outlets, which often include information about her personal life, including her marital status."", ""Given that Tatum O'Neal's personal life has been extensively covered in the media, it is likely that her marriages would have been reported by multiple credible sources, such as reputable news outlets and entertainment magazines.""]",SUPPORTS,Tatum O'Neal got married.,True
tree_of_thoughts,SUPPORTS,0.9,"['The claim may be SUPPORTED because there is a well-known film writer named Marjorie Gross, who is known for her work in the film industry, which could indicate that she is indeed a film writer.', ""Researching Marjorie Gross's filmography and notable works could further support or refute the claim by providing evidence of her actual involvement in film writing."", ""Checking Marjorie Gross's credits on reputable online databases such as IMDb or Wikipedia to list her specific film credits could provide concrete evidence of her involvement in film writing.""]",REFUTES,Marjorie Gross was a film writer.,False
tree_of_thoughts,REFUTES,1.0,"[""The claim may be REFUTED because George Lopez is a stand-up comedian and actor who starred in his own sitcom from 2002 to 2007, and without more information, it's unclear if Sandra Bullock was involved in this show."", 'The claim may be REFUTED because the main character of the sitcom ""George Lopez"" was the titular character played by George Lopez, and there is no notable evidence of Sandra Bullock being a main or recurring cast member.', 'The claim may be REFUTED because Sandra Bullock\'s filmography does not list ""George Lopez"" as one of her credits, which suggests she was not involved in the show.']",SUPPORTS,Sandra Bullock was in George Lopez.,False
tree_of_thoughts,SUPPORTS,0.9,"['The Indian Army has a system of conscription, also known as the ""Army Act of 1950"", which allows the government to conscript citizens for military service in times of war or national emergency, indicating that not all members may be volunteers.', 'The Army Act of 1950 has been amended several times since its inception, including the 1976 amendment, which expanded the scope of conscription to include times of peace, further indicating that the Indian Army may not be entirely volunteer-based.', ""This conscription system, combined with the fact that India has a large standing army of over 1.2 million personnel, suggests that a significant portion of the Indian Army's personnel may be conscripts rather than volunteers.""]",REFUTES,The Indian Army is not an all-volunteer force.,False
tree_of_thoughts,REFUTES,1.0,"[""Trevor Griffiths' works have been widely recognized in the UK and internationally, but there is no significant connection to German theatre or dramatists in his biography, which contradicts the claim."", ""Trevor Griffiths' work is more accurately described as British, given his birth in Lancashire, England, and his association with British theatre companies and institutions, further supporting the claim's inaccuracy."", ""Furthermore, Trevor Griffiths' writing style and thematic focus on British social issues, such as the UK's colonial past and class struggles, also align more closely with the characteristics of British theatre, rather than German dramatists who may explore different cultural contexts.""]",REFUTES,Trevor Griffiths is a German dramatist.,True
tree_of_thoughts,REFUTES,1.0,"['The claim may be REFUTED if there is no credible evidence or reliable sources indicating that Derek Hough has been involved in the creation or performance of a notable American song.', 'A thorough search of reputable music databases, such as the Recording Industry Association of America (RIAA) or the American Society of Composers, Authors, and Publishers (ASCAP), would be conducted to determine if Derek Hough has released any notable songs or collaborated with other notable artists on a song.', 'Research the official websites of Derek Hough, including his social media profiles, personal website, and any official discographies, to check for any mention of music releases or collaborations.']",REFUTES,Derek Hough starred in an American song.,True
tree_of_thoughts,REFUTES,1.0,"['The claim may be REFUTED because King Henry II of France, also known as Henry II of England, is known to have had several children, including three sons: Henry the Young King, Richard, and Geoffrey of Brittany.', 'The claim that Henry II of France does not have three sons is directly contradicted by historical records, including the well-documented accounts of his marriage to Eleanor of Aquitaine and the birth of his numerous children.', ""Furthermore, the existence of these three sons is also confirmed by the historical records of the English and French monarchies, which document Henry II's coronation and the assumption of power by his eldest son, Henry the Young King, in 1170.""]",REFUTES,Henry II of France does not have three sons.,True
tree_of_thoughts,SUPPORTS,0.9,"['This claim may be SUPPORTED because Riddick is the main character in the 2000 science fiction film ""Pitch Black,"" a film that is part of a franchise that includes multiple sequels and spin-offs, indicating a prominent on-screen presence.', ""This reasoning is strengthened because Riddick, the character, is portrayed by actor Vin Diesel, who reprises the role in various film installments, further solidifying the character's on-screen presence."", ""The actor Vin Diesel's consistent portrayal of Riddick throughout the franchise's multiple installments demonstrates his continued association with the character, making it likely that Riddick is a part of a film.""]",SUPPORTS,Riddick is in a film.,True
tree_of_thoughts,SUPPORTS,1.0,"[""The movie 'No Country for Old Men' is a well-documented film with publicly available information, and many sources list Tommy Lee Jones as one of its main cast members."", 'The film ""No Country for Old Men"" won four Academy Awards, including Best Picture, Best Director, Best Adapted Screenplay, and Best Supporting Actor, which is consistent with the information that Tommy Lee Jones was nominated for and won awards for his performance in the film.', 'The cast list of ""No Country for Old Men"" on the film\'s official website and other reliable sources consistently includes the name of Tommy Lee Jones, further verifying his involvement in the movie.']",SUPPORTS,No Country for Old Men starred Tommy Lee Jones.,True
tree_of_thoughts,REFUTES,1.0,"[""The claim may be refuted because Rhythm Nation, the iconic song by Janet Jackson, was indeed performed by the glee club in Season 2 of the TV show Glee, showcasing the song's ability to be performed by the show's cast."", 'The Glee cast\'s rendition of ""Rhythm Nation"" in Season 2 demonstrates that the song\'s complexity and choreography can be adapted to fit the show\'s format, further undermining the claim that it\'s incapable of being performed on Glee.', 'Furthermore, the Glee cast\'s performance of ""Rhythm Nation"" in Season 2 was not an isolated incident, as they have also successfully adapted other challenging songs from various genres and decades to fit the show\'s format, indicating their ability to tackle complex musical performances.']",REFUTES,Rhythm Nation was incapable of being performed on Glee.,True
tree_of_thoughts,SUPPORTS,1.0,"['Sancho Panza is a character in the novel ""Don Quixote"" by Miguel de Cervantes, which is a renowned work of Spanish literature, and his name is mentioned prominently throughout the book, indicating his significance in the narrative.', ""Sancho Panza is a squire and the trusted companion of Don Quixote, a role that allows him to provide a grounded and realistic perspective in contrast to his master's romantic and idealistic views, showcasing the author's use of satire and social commentary."", ""Sancho Panza's character serves a crucial role in providing a counterbalance to Don Quixote's delusional chivalric romps, allowing Cervantes to comment on the societal norms and conventions of 17th-century Spain.""]",SUPPORTS,Sancho Panza is a Don Quixote character.,True
tree_of_thoughts,REFUTES,1.0,"['Bessie Smith was known for her powerful, soulful voice, which is often associated with the genre of blues, a precursor to heavy metal music, which shares similar qualities of intense emotion and energetic performance.', ""While blues and heavy metal share some similarities, Bessie Smith's style and era (1894-1937) predate the emergence of heavy metal music, which didn't become a distinct genre until the late 1960s and 1970s."", ""Bessie Smith's music style, primarily classified as a blues singer, is characterized by its heart-wrenching lyrics and emotive delivery, which contrasts with the more aggressive and instrumental-driven sound of heavy metal music.""]",REFUTES,Bessie Smith was a heavy metal singer.,True
tree_of_thoughts,SUPPORTS,1.0,"['Eric Church is a well-known American singer, songwriter, and musician who has released multiple albums and singles, indicating that he is indeed an artist.', 'As a well-established artist, Eric Church has been recognized with numerous music awards, including multiple Academy of Country Music Awards, Grammy Awards, and Country Music Association Awards, which further solidifies his artistic status.', 'As a result of his widespread recognition and accolades, Eric Church has also been inducted into the Songwriters Hall of Fame, a prestigious honor that acknowledges his significant contributions to the music industry as a songwriter.']",SUPPORTS,Eric Church is an artist.,True
tree_of_thoughts,SUPPORTS,1.0,"[""The character of Nicholas Brody is a main character in the popular TV series 'Homeland', which aired from 2011 to 2020, indicating that Nicholas Brody is indeed a TV character."", ""As a main character in 'Homeland', Nicholas Brody is portrayed by actor Damian Lewis, who is a British actor known for his versatility in various film and television roles."", ""Damian Lewis, the actor who portrays Nicholas Brody, is also known for his role in the HBO series 'Game of Thrones', which is another popular television show that aired from 2011 to 2019.""]",SUPPORTS,Nicholas Brody is a TV character.,True
tree_of_thoughts,REFUTES,1.0,"[""The claim may be SUPPORTED because The Mighty Ducks is a well-known film series, and the first film, 'The Mighty Ducks', was released in 1992, but it's possible that a new production, possibly a spin-off or a remake, might have been produced in 2017."", 'To verify if a new production of The Mighty Ducks was indeed released in 2017, it would be necessary to check film databases, such as IMDb, Rotten Tomatoes, or Metacritic, to see if they list a film matching this title released in that year.', 'If a new production of The Mighty Ducks was released in 2017, it is likely that the film would have been a commercial release with a marketing campaign, and therefore, online advertisements and trailers for the film would be available on websites like YouTube or Vimeo.']",REFUTES,The Mighty Ducks was produced by an American film producer in 2017.,True
tree_of_thoughts,SUPPORTS,0.9,"[""The claim may be SUPPORTED because How to Train Your Dragon 2 was released in 2014, a time when computer-generated imagery (CGI) software was continually evolving, and it's plausible that advances in software were used for its production."", ""Research on the film's production revealed that it was one of the first DreamWorks Animation productions to use the company's in-house developed software, Maya 2014, which was a significant upgrade from previous versions, suggesting that the film did utilize new filming software."", ""The use of Maya 2014 in How to Train Your Dragon 2 implies that the film's animation team would have required training and adaptation to effectively utilize the new software, which may have led to improved workflow efficiency and artistic capabilities.""]",REFUTES,How to Train Your Dragon 2 used new filming software.,False
tree_of_thoughts,SUPPORTS,0.9,"['Jeong Hyeong-don is a South Korean comedian and television host, and it is possible that his birth year could be verified through reputable sources such as news articles or official social media profiles, which may list his birth year as 1978.', ""To verify Jeong Hyeong-don's birth year, I will check his official profile on reputable Korean entertainment platforms such as Naver or Daum, which often list celebrities' birth years."", ""I will search for Jeong Hyeong-don's profile on Naver and Daum by entering his name in the search bar to see if either platform lists his birth year.""]",SUPPORTS,Jeong Hyeong-don's birth year is 1978.,True
tree_of_thoughts,REFUTES,1.0,"[""Dan O'Bannon has been credited as a screenwriter, primarily for his work on iconic films such as Alien (1979) and Total Recall (1990), indicating that his profession is not limited to being a plumber."", ""Given that Dan O'Bannon has written for numerous films beyond Alien and Total Recall, including films such as Return of the Living Dead (1985) and Lifeforce (1985), it further supports the conclusion that his profession is not a plumber but a screenwriter."", ""Dan O'Bannon's work on various films, such as Chopping Mall (1986), a horror-comedy film, further expands his credits as a screenwriter and contradicts the claim that he has only ever been a plumber.""]",REFUTES,Dan O'Bannon has only ever been plumber for a profession.,True
tree_of_thoughts,REFUTES,1.0,"['This claim may be SUPPORTED because the term ""Polynesian"" often refers specifically to a geographic region or a group of islands in the Pacific Ocean, and it\'s possible that the claim is referring to a linguistic subcategory or misinterpreting the term\'s scope.', 'The term ""Polynesian"" is often used to describe a language family, the Polynesian languages, which are a subgroup of the Austronesian language family, specifically spoken in the region of Polynesia.', 'The Polynesian languages are a subgroup of the Austronesian language family, which is a large and diverse language family that originated in Taiwan and spread to various parts of Asia and the Pacific.']",REFUTES,There are zero Polynesian languages.,True
tree_of_thoughts,SUPPORTS,0.9,"[""Magic Johnson was a key player for the Los Angeles Lakers during his playing career, serving as the team's point guard and captain, which could imply ownership or significant involvement with the team."", ""Johnson has been involved with the Los Angeles Lakers as an executive and investor since his retirement, serving as an alternate governor and later becoming the chairman of the team's board of directors."", ""Considering Magic Johnson's long-standing involvement with the team and his high-level leadership positions, it is reasonable to infer that he has significant influence over the team's decision-making processes and may have played a role in ownership or significant investment.""]",SUPPORTS,Magic Johnson owned the Lakers.,True
tree_of_thoughts,REFUTES,1.0,"['The claim may be supported because Edward G. Robinson was an actor known for his roles in various classic films, and The Cincinnati Kid is a notable film released in 1965, which could potentially feature a notable actor like Robinson.', 'To further evaluate the claim, I will research the cast of the 1965 film The Cincinnati Kid to see if Edward G. Robinson is indeed listed as a star.', ""I will first verify the main cast of the 1965 film The Cincinnati Kid by checking reliable sources such as IMDb, Wikipedia, or the film's official website to identify the lead actors in the movie.""]",SUPPORTS,Edward G. Robinson is a star in The Cincinnati Kid.,False
tree_of_thoughts,REFUTES,0.9,"['The claim may be refuted because the first appearance of the character Apocalypse in the X-Men comic book series was in ""Uncanny X-Men"" #221 in 1987, suggesting that the idea of Apocalypse was developed later than the claimed announcement date of 1970.', 'The character Apocalypse\'s first appearance in ""Uncanny X-Men"" #221 in 1987 was created by writer Bob Layton and artist Jackson Guice, indicating that the idea of Apocalypse might have been developed in the mid-to-late 1980s rather than in 1970.', ""The X-Men comic book series was first published in 1963, implying that the creators of the series, Stan Lee and Jack Kirby, had been working on the series for nearly two decades before the claimed announcement of Apocalypse in 1970, which would have been a significant departure from the series' established narrative and characters.""]",REFUTES,X-Men: Apocalypse was announced in 1970.,True
tree_of_thoughts,SUPPORTS,0.9,"['The claim is supported because the play ""Private Lives"" was indeed written by Noël Coward, a renowned English playwright, and it is known to be a comedy that premiered in 1930.', 'As the play ""Private Lives"" premiered in 1930, it is reasonable to conclude that it would not have been a two-act play if it had premiered in a different format, making a two-act structure a characteristic of the original production.', 'Since ""Private Lives"" premiered in 1930, it is likely that it adhered to the standard theatrical structures prevalent during the early 20th-century British theatre, which often featured two-act plays.']",REFUTES,Private Lives is a two act comedy from 1930.,False
tree_of_thoughts,REFUTES,0.9,"['Brad Wilk is indeed a public figure with a well-documented music career, and without any additional context or clarification on what ""Greta"" refers to in the claim, it\'s difficult to determine if the claim is supported or refuted, as it may not be referring to the band Greta Van Fleet.', 'To clarify the claim, it would be necessary to specify whether ""Greta"" refers to a particular band, music project, or solo artist that Brad Wilk has worked with.', 'One possible clarification could be to check if Brad Wilk has been a member of the band Greta Van Fleet, a relatively new rock band that has gained popularity in recent years, as this could provide a clear context to the claim.']",SUPPORTS,Brad Wilk was a musician for Greta.,False
tree_of_thoughts,SUPPORTS,1.0,"['The claim can be supported if Bessie Smith was indeed known to have passed away on September 26, 1937, as per historical records or reputable sources that document her death date.', 'If Bessie Smith indeed passed away on September 26, 1937, then her cause of death should be verified as the primary reason for her death, as documented by reliable medical or historical sources.', ""If the cause of Bessie Smith's death was indeed related to a car accident, then the location where the accident occurred should be identified and verified as a fact, as documented in historical records or reputable sources.""]",SUPPORTS,"On September 26, 1937 Bessie Smith died.",True
tree_of_thoughts,SUPPORTS,0.9,"['The claim that Jason Katims has made no contributions to Roswell is SUPPORTED if Jason Katims is known for other works unrelated to Roswell, such as his work on Friday Night Lights, and there is no credible information linking him to the show Roswell.', 'If Jason Katims is known primarily for his work on Friday Night Lights and other unrelated projects, this suggests that his area of expertise and focus lies outside the realm of Roswell, further supporting the claim that he made no contributions to the show.', ""If Jason Katims has no credits or involvement with Roswell, it is likely that he was not involved in the show's development, production, or writing process, further supporting the claim that he made no contributions to Roswell.""]",REFUTES,Jason Katims has made no contributions to Roswell.,False
tree_of_thoughts,SUPPORTS,0.95,"[""According to various travel guides and online platforms, the Colosseum is listed as one of Rome's top tourist attractions, often ranking among the most visited sites in the world."", ""The Colosseum's popularity as a tourist attraction is further supported by the fact that it is a UNESCO World Heritage site, which is a designation given to cultural and natural sites of outstanding universal value."", ""The Colosseum's status as a UNESCO World Heritage site has contributed to its preservation and restoration efforts, ensuring that the site remains in a relatively well-preserved state for tourists to visit.""]",SUPPORTS,The Colosseum is a tourist attraction in Rome.,True
tree_of_thoughts,SUPPORTS,0.95,"['The claim is supported because Juventus F.C. is one of the most historic and iconic football clubs in the world, and their home uniform is widely recognized for its distinctive black-and-white stripes, which is a well-documented fact in football history.', ""The history of Juventus F.C.'s uniform can be verified through multiple sources, including the club's official website and reputable football historians, which consistently state that their iconic black-and-white stripes date back to 1903."", ""Furthermore, the consistency of Juventus F.C.'s black-and-white stripes across their home uniform over the years, including in archive footage and photographs from early 20th-century matches, supports the claim that the design has remained unchanged since 1903.""]",SUPPORTS,Juventus F.C. has worn a black-and-white-striped home uniform since 1903.,True
tree_of_thoughts,SUPPORTS,1.0,"['Gracie Otto has been spotted accompanying Miranda Otto to various red carpet events, indicating a close family relationship between the two.', 'Further research into their public appearances suggests that Gracie Otto often refers to Miranda Otto as her mother in interviews and on social media, solidifying their familial connection.', ""Researching Miranda Otto's official biography on various reliable sources such as IMDb, Wikipedia, and reputable entertainment websites confirms that Gracie Otto is indeed listed as her daughter.""]",REFUTES,Miranda Otto is the mother of actress Gracie Otto.,False
tree_of_thoughts,REFUTES,1.0,"[""The claim may be SUPPORTED because the company 'Tottenham Hotspur Digital' is a subsidiary of Tottenham Hotspur F.C., and it is involved in the development of video games, particularly the official video game of the club, FIFA and Football Manager."", ""Tottenham Hotspur Digital's involvement in video game development, particularly with FIFA and Football Manager, implies that the company has the necessary expertise and resources to create video games, which could further support the claim that Tottenham Hotspur F.C. itself is a video game developer."", 'The fact that Tottenham Hotspur Digital is a subsidiary of Tottenham Hotspur F.C. suggests a close relationship between the club and its digital arm, which could imply that the club has a vested interest in the development of video games, potentially leading to the club itself being involved in video game development.']",REFUTES,Tottenham Hotspur F.C. is a video game developer.,True
tree_of_thoughts,SUPPORTS,1.0,"['Tie Your Mother Down is a song by Queen, released in 1976, so it is likely that there is a corresponding album or release that matches this title, supporting the claim.', 'The song ""Tie Your Mother Down"" is from Queen\'s album ""A Day at the Races,"" which is a strong indication that the claim about its release is accurate.', 'Since ""A Day at the Races"" is the correct album for the song ""Tie Your Mother Down,"" it further supports the claim that a release with this title exists, as the album itself is a well-documented part of Queen\'s discography.']",SUPPORTS,Tie Your Mother Down was released.,True
tree_of_thoughts,SUPPORTS,0.9,"['Harris Jayaraj is an Indian composer who has worked primarily in the Indian film industry, which suggests a strong connection to India.', 'The fact that Harris Jayaraj has composed music for numerous Indian films, particularly in the Tamil cinema industry, further supports the likelihood that he is from India, as it is rare for non-Indian composers to be extensively involved in this specific industry.', ""Furthermore, considering Harris Jayaraj's extensive work in the Tamil cinema industry, it is plausible that he has a deep understanding of and connection to the culture and traditions of the South Indian state of Tamil Nadu, where the industry is predominantly based.""]",SUPPORTS,Harris Jayaraj is from India.,True
tree_of_thoughts,REFUTES,1.0,"['This claim may be SUPPORTED because Diana, Princess of Wales, was known to have taken the surname of her husband, Charles, upon their marriage in 1981, which would result in her being referred to as Diana Spencer, Princess of Wales. However, I\'ve found instances where she was referred to as ""Lady Diana"" or ""Diana"" for informal purposes. If the claim refers to her as ""Lady Diana Thatcher"" during her marriage, it\'s possible she could have been referred to as Lady Diana in an unconventional or British peerage context.', 'However, it is essential to note that the title ""Lady"" is typically bestowed upon the wives of earls, viscounts, or barons, and Diana, Princess of Wales, was the wife of a prince, not a peer with one of these titles, making it unlikely for her to be referred to as ""Lady Diana Thatcher.""', 'While it\'s possible that Diana, Princess of Wales, may have been referred to as ""Lady Diana"" in informal contexts, there is no credible evidence to suggest she was ever referred to as ""Lady Diana Thatcher"" during her marriage to Prince Charles.']",REFUTES,"Diana, Princess of Wales became known as Lady Diana Thatcher.",True
tree_of_thoughts,REFUTES,1.0,"['However, there is not enough information in the claim to verify that he is the second studio album; the claim lacks specificity about the album title, release date, or any other relevant details.', ""To verify the claim, we need to identify Keith Urban's discography and find a clear, distinct second studio album that fits his overall body of work, as the claim's ambiguity does not provide sufficient context."", 'A search of Keith Urban\'s discography reveals that his first studio album is ""Keith Urban"" (1991), released when he was a member of the Australian rock band The Ranch, which was later renamed Keith Urban and The Ranch after he left the group.']",SUPPORTS,Keith Urban is an Australian country music artist's second studio album.,False
tree_of_thoughts,SUPPORTS,1.0,"['Basildon is a district in the county of Essex, England, which indicates its location within England and supports the claim.', 'As Basildon is a district in the county of Essex, England, which is part of the United Kingdom, it further supports the claim that Basildon is English by being a constituent part of the larger geographic entity of England.', 'As Basildon is a district in the county of Essex, which shares cultural and historical ties with other parts of England, it is reasonable to infer that the district has been influenced by and is part of English culture.']",SUPPORTS,Basildon is English.,True
tree_of_thoughts,SUPPORTS,1.0,"['Tottenham Hotspur F.C. has a professional team that competes in the Premier League, the top division of English football, which directly supports the claim that it is indeed a football club.', 'The presence of a professional team competing in the Premier League also indicates that Tottenham Hotspur F.C. has a professional organization structure, including administrative, coaching, and support staff.', 'The existence of a professional organization structure indicates that Tottenham Hotspur F.C. has a defined hierarchical structure, with roles and responsibilities assigned to its staff members, which is typical of a well-established football club.']",SUPPORTS,Tottenham Hotspur F.C. is a football club.,True
